Limiting Reagent,Limiting Reagent_conc,Excess Reagent,Excess Reagent_conc,Catalyst,Catalyst_conc,residence_time,light_intensity,yield,yield_predicted,vial_idx,status,run_index,attempts
SM,64.541,THF,12.15965,TBADT,0.0067595,73.7028,25.0,0.014645302872311963,NaN ± NaN,0x008,finished,1,1
SM,174.59300000000002,THF,16.952460000000002,TBADT,0.029773749999999998,330.39660000000003,100.0,0.009723569159519746,NaN ± NaN,0x014,finished,2,1
SM,184.202,THF,11.032549999999999,TBADT,0.02132625,1140.4008000000001,50.0,0.005139261595020806,NaN ± NaN,0x020,finished,3,1
SM,192.893,THF,3.01059,TBADT,0.00548075,417.4014,50.0,0.008805648917103183,NaN ± NaN,0x009,finished,4,1
SM,58.451,THF,1.5133999999999999,TBADT,0.0197155,1196.7966000000001,75.0,0.01621878139054523,NaN ± NaN,0x015,finished,5,1
SM,109.02199999999999,THF,6.63108,TBADT,0.0277495,89.1954,50.0,0.015570680198351674,NaN ± NaN,0x026,finished,6,1
SM,84.275,THF,14.0832,TBADT,0.008487749999999999,950.6021999999999,75.0,0.011235362648184588,NaN ± NaN,0x021,finished,7,1
SM,53.759,THF,16.63779,TBADT,0.02919575,686.7036,75.0,0.03152288529479013,NaN ± NaN,0x010,finished,8,1
SM,71.303,THF,8.640139999999999,TBADT,0.02503725,808.6949999999999,0.0,0.013247827737227161,NaN ± NaN,0x027,finished,9,1
SM,137.7005,THF,1.21522,TBADT,0.011529,1016.1978,25.0,0.012319175195549453,NaN ± NaN,0x016,finished,10,1
SM,50.0,THF,17.85771,TBADT,0.03,629.4984000000001,75.0,0.01893645034642332,0.03156 ± 0.1915,0x032,finished,11,1
SM,53.195,THF,16.45674,TBADT,0.02912925,697.602,75.0,0.031923032866806395,0.03144 ± 0.1855,0x022,finished,12,1
SM,57.9965,THF,16.29099,TBADT,0.02897275,695.1054,75.0,0.01631880288959898,0.03192 ± 0.1907,0x033,finished,13,1
SM,50.0,THF,18.0,TBADT,0.03,429.89579999999995,100.0,0.03391338779601883,0.02404 ± 0.2339,0x028,finished,14,1
SM,50.0,THF,18.0,TBADT,0.03,60.0,100.0,0.01893939956110819,0.02815 ± 0.239,0x038,finished,15,1
SM,50.0,THF,18.0,TBADT,0.03,902.3004,100.0,0.03395194065001023,0.0256 ± 0.2305,0x011,finished,16,1
SM,50.0,THF,18.0,TBADT,0.03,1079.103,100.0,0.018907073125001603,0.02921 ± 0.2413,0x017,finished,17,1
SM,50.0,THF,18.0,TBADT,0.03,612.102,100.0,0.03397051936978311,0.02753 ± 0.2179,0x023,finished,18,1
SM,50.0,THF,15.534659999999999,TBADT,0.03,614.5985999999999,100.0,0.018933724378761407,0.03175 ± 0.2267,0x034,finished,19,1
SM,50.0,THF,18.0,TBADT,0.03,724.6998,100.0,0.03395323037998134,0.02595 ± 0.2064,0x039,finished,20,1
SM,51.1985,THF,17.80484,TBADT,0.02968575,815.5008,100.0,0.018453459564420585,0.03507 ± 0.2426,0x029,finished,21,1
SM,50.0,THF,18.0,TBADT,0.03,574.9038,100.0,0.03395254659666099,0.02658 ± 0.2067,0x012,finished,22,1
SM,50.0,THF,18.0,TBADT,0.03,571.3014000000001,100.0,0.01893711544693217,0.02989 ± 0.2138,0x018,finished,23,1
SM,50.0,THF,18.0,TBADT,0.03,520.1952,100.0,0.03398262844710468,0.02603 ± 0.202,0x040,finished,24,1
SM,50.0,THF,18.0,TBADT,0.03,545.1042,100.0,0.01892356309021425,0.02742 ± 0.2034,0x035,finished,25,1
SM,50.0,THF,18.0,TBADT,0.03,450.7008,100.0,0.033993258794673555,0.02605 ± 0.2021,0x024,finished,26,1
SM,50.0,THF,18.0,TBADT,0.03,313.2054,100.0,0.018898180742440394,0.02666 ± 0.2104,0x030,finished,27,1
SM,50.0,THF,18.0,TBADT,0.03,618.3036,100.0,0.03398536353595084,0.02664 ± 0.1969,0x041,finished,28,1
SM,50.0,THF,18.0,TBADT,0.03,614.3022,100.0,0.018912257748740682,0.02737 ± 0.1965,0x013,finished,29,1
SM,50.0,THF,18.0,TBADT,0.03,625.3944,100.0,0.03397972254052223,0.02651 ± 0.1945,0x019,finished,30,1
SM,50.0,THF,18.0,TBADT,0.03,618.7026000000001,100.0,0.018919363264206006,0.02716 ± 0.1941,0x036,finished,31,1
SM,50.0,THF,18.0,TBADT,0.03,648.6048,100.0,0.03393430842604764,0.02635 ± 0.1925,0x025,finished,32,1
SM,50.0,THF,18.0,TBADT,0.03,630.2052,100.0,0.01894981205345092,0.02701 ± 0.1922,0x031,finished,33,1
SM,50.0,THF,18.0,TBADT,0.03,729.2028,100.0,0.03394890191430846,0.02623 ± 0.1936,0x042,finished,34,1
SM,50.0,THF,18.0,TBADT,0.03,683.2038,100.0,0.01892148449116387,0.02684 ± 0.1916,0x037,finished,35,1
SM,50.0,THF,18.0,TBADT,0.03,814.9992,100.0,0.033935067151215415,0.0262 ± 0.1974,0x043,finished,36,1
