run_index,SM_in,THF_in,TBADT_in,residence_time_in,light_intensity_in,yield_calculation_chemical_in,start_wavelength_in,end_wavelength_in,scan_speed_in,sample_name_in,data_folder_in,baseline_calibrate_in,molar_extinction_coefficient_in,path_to_calibration_file_in,product_chemical_in,dilution_factor_in,stoichiometry_product_coefficient_in,stoichiometry_reactant_coefficient_in,integration_lower_bound_in,integration_upper_bound_in,SM_out,THF_out,TBADT_out,residence_time_out,light_intensity_out,yield_calculation_chemical_out,start_wavelength_out,end_wavelength_out,scan_speed_out,sample_name_out,data_folder_out,baseline_calibrate_out,molar_extinction_coefficient_out,path_to_calibration_file_out,product_chemical_out,dilution_factor_out,stoichiometry_product_coefficient_out,stoichiometry_reactant_coefficient_out,integration_lower_bound_out,integration_upper_bound_out
1,64.541,12.15965,0.0067595,73.6914,27.12,SM,534.0,200.0,300.0,test,Path/To/Data/Folder,1.0,1.0,e:\workspace\Robochem\unmix\nowdata\chem\calibration.json,DPB,100.0,1.0,1.0,200.0,600.0,64.541,12.15965,0.0067595,73.7,25.0,SM,534.0,200.0,300.0,test,Path/To/Data/Folder,1.0,1.0,e:\workspace\Robochem\unmix\nowdata\chem\calibration.json,DPB,100.0,1.0,1.0,200.0,600.0
2,174.59300000000002,16.952460000000002,0.029773749999999998,330.3738,98.60900000000001,SM,534.0,200.0,300.0,test,Path/To/Data/Folder,1.0,1.0,e:\workspace\Robochem\unmix\nowdata\chem\calibration.json,DPB,100.0,1.0,1.0,200.0,600.0,174.59300000000002,16.952460000000002,0.029773749999999995,330.4,100.0,SM,534.0,200.0,300.0,test,Path/To/Data/Folder,1.0,1.0,e:\workspace\Robochem\unmix\nowdata\chem\calibration.json,DPB,100.0,1.0,1.0,200.0,600.0
3,184.202,11.032549999999999,0.02132625,1140.4236,40.634,SM,534.0,200.0,300.0,test,Path/To/Data/Folder,1.0,1.0,e:\workspace\Robochem\unmix\nowdata\chem\calibration.json,DPB,100.0,1.0,1.0,200.0,600.0,184.202,11.032549999999999,0.02132625,1140.4,50.0,SM,534.0,200.0,300.0,test,Path/To/Data/Folder,1.0,1.0,e:\workspace\Robochem\unmix\nowdata\chem\calibration.json,DPB,100.0,1.0,1.0,200.0,600.0
4,192.893,3.01059,0.00548075,417.447,61.775999999999996,SM,534.0,200.0,300.0,test,Path/To/Data/Folder,1.0,1.0,e:\workspace\Robochem\unmix\nowdata\chem\calibration.json,DPB,100.0,1.0,1.0,200.0,600.0,192.893,3.0105899999999997,0.005480750000000001,417.4,50.0,SM,534.0,200.0,300.0,test,Path/To/Data/Folder,1.0,1.0,e:\workspace\Robochem\unmix\nowdata\chem\calibration.json,DPB,100.0,1.0,1.0,200.0,600.0
5,58.451,1.5133999999999999,0.0197155,1196.8422,67.23599999999999,SM,534.0,200.0,300.0,test,Path/To/Data/Folder,1.0,1.0,e:\workspace\Robochem\unmix\nowdata\chem\calibration.json,DPB,100.0,1.0,1.0,200.0,600.0,58.451,1.5133999999999999,0.0197155,1196.8,75.0,SM,534.0,200.0,300.0,test,Path/To/Data/Folder,1.0,1.0,e:\workspace\Robochem\unmix\nowdata\chem\calibration.json,DPB,100.0,1.0,1.0,200.0,600.0
6,109.02199999999999,6.63108,0.0277495,89.2296,49.919000000000004,SM,534.0,200.0,300.0,test,Path/To/Data/Folder,1.0,1.0,e:\workspace\Robochem\unmix\nowdata\chem\calibration.json,DPB,100.0,1.0,1.0,200.0,600.0,109.02199999999999,6.631080000000001,0.0277495,89.2,50.0,SM,534.0,200.0,300.0,test,Path/To/Data/Folder,1.0,1.0,e:\workspace\Robochem\unmix\nowdata\chem\calibration.json,DPB,100.0,1.0,1.0,200.0,600.0
7,84.275,14.0832,0.008487749999999999,950.5908000000001,80.042,SM,534.0,200.0,300.0,test,Path/To/Data/Folder,1.0,1.0,e:\workspace\Robochem\unmix\nowdata\chem\calibration.json,DPB,100.0,1.0,1.0,200.0,600.0,84.275,14.083199999999998,0.008487749999999999,950.6,75.0,SM,534.0,200.0,300.0,test,Path/To/Data/Folder,1.0,1.0,e:\workspace\Robochem\unmix\nowdata\chem\calibration.json,DPB,100.0,1.0,1.0,200.0,600.0
8,53.759,16.63779,0.02919575,686.7036,86.87700000000001,SM,534.0,200.0,300.0,test,Path/To/Data/Folder,1.0,1.0,e:\workspace\Robochem\unmix\nowdata\chem\calibration.json,DPB,100.0,1.0,1.0,200.0,600.0,53.759,16.63779,0.02919575,686.7,75.0,SM,534.0,200.0,300.0,test,Path/To/Data/Folder,1.0,1.0,e:\workspace\Robochem\unmix\nowdata\chem\calibration.json,DPB,100.0,1.0,1.0,200.0,600.0
9,71.303,8.640139999999999,0.02503725,808.7178,0.795,SM,534.0,200.0,300.0,test,Path/To/Data/Folder,1.0,1.0,e:\workspace\Robochem\unmix\nowdata\chem\calibration.json,DPB,100.0,1.0,1.0,200.0,600.0,71.303,8.640139999999999,0.02503725,808.7,0.0,SM,534.0,200.0,300.0,test,Path/To/Data/Folder,1.0,1.0,e:\workspace\Robochem\unmix\nowdata\chem\calibration.json,DPB,100.0,1.0,1.0,200.0,600.0
10,137.7005,1.21522,0.011529,1016.1522,22.346,SM,534.0,200.0,300.0,test,Path/To/Data/Folder,1.0,1.0,e:\workspace\Robochem\unmix\nowdata\chem\calibration.json,DPB,100.0,1.0,1.0,200.0,600.0,137.7005,1.21522,0.011529,1016.2,25.0,SM,534.0,200.0,300.0,test,Path/To/Data/Folder,1.0,1.0,e:\workspace\Robochem\unmix\nowdata\chem\calibration.json,DPB,100.0,1.0,1.0,200.0,600.0
11,50.0,17.85771,0.03,629.4528,80.92399999999999,SM,534.0,200.0,300.0,test,Path/To/Data/Folder,1.0,1.0,e:\workspace\Robochem\unmix\nowdata\chem\calibration.json,DPB,100.0,1.0,1.0,200.0,600.0,50.0,17.85771,0.03,629.5,75.0,SM,534.0,200.0,300.0,test,Path/To/Data/Folder,1.0,1.0,e:\workspace\Robochem\unmix\nowdata\chem\calibration.json,DPB,100.0,1.0,1.0,200.0,600.0
12,53.195,16.45674,0.02912925,697.6475999999999,74.78200000000001,SM,534.0,200.0,300.0,test,Path/To/Data/Folder,1.0,1.0,e:\workspace\Robochem\unmix\nowdata\chem\calibration.json,DPB,100.0,1.0,1.0,200.0,600.0,53.195,16.45674,0.02912925,697.6,75.0,SM,534.0,200.0,300.0,test,Path/To/Data/Folder,1.0,1.0,e:\workspace\Robochem\unmix\nowdata\chem\calibration.json,DPB,100.0,1.0,1.0,200.0,600.0
13,57.9965,16.29099,0.02897275,695.094,73.846,SM,534.0,200.0,300.0,test,Path/To/Data/Folder,1.0,1.0,e:\workspace\Robochem\unmix\nowdata\chem\calibration.json,DPB,100.0,1.0,1.0,200.0,600.0,57.9965,16.29099,0.02897275,695.1,75.0,SM,534.0,200.0,300.0,test,Path/To/Data/Folder,1.0,1.0,e:\workspace\Robochem\unmix\nowdata\chem\calibration.json,DPB,100.0,1.0,1.0,200.0,600.0
14,50.0,18.0,0.03,429.8844,100.0,SM,534.0,200.0,300.0,test,Path/To/Data/Folder,1.0,1.0,e:\workspace\Robochem\unmix\nowdata\chem\calibration.json,DPB,100.0,1.0,1.0,200.0,600.0,50.0,18.0,0.03,429.9,100.0,SM,534.0,200.0,300.0,test,Path/To/Data/Folder,1.0,1.0,e:\workspace\Robochem\unmix\nowdata\chem\calibration.json,DPB,100.0,1.0,1.0,200.0,600.0
15,50.0,18.0,0.03,60.0,100.0,SM,534.0,200.0,300.0,test,Path/To/Data/Folder,1.0,1.0,e:\workspace\Robochem\unmix\nowdata\chem\calibration.json,DPB,100.0,1.0,1.0,200.0,600.0,50.0,18.0,0.03,60.0,100.0,SM,534.0,200.0,300.0,test,Path/To/Data/Folder,1.0,1.0,e:\workspace\Robochem\unmix\nowdata\chem\calibration.json,DPB,100.0,1.0,1.0,200.0,600.0
16,50.0,18.0,0.03,902.346,100.0,SM,534.0,200.0,300.0,test,Path/To/Data/Folder,1.0,1.0,e:\workspace\Robochem\unmix\nowdata\chem\calibration.json,DPB,100.0,1.0,1.0,200.0,600.0,50.0,18.0,0.03,902.3,100.0,SM,534.0,200.0,300.0,test,Path/To/Data/Folder,1.0,1.0,e:\workspace\Robochem\unmix\nowdata\chem\calibration.json,DPB,100.0,1.0,1.0,200.0,600.0
17,50.0,18.0,0.03,1079.0916,100.0,SM,534.0,200.0,300.0,test,Path/To/Data/Folder,1.0,1.0,e:\workspace\Robochem\unmix\nowdata\chem\calibration.json,DPB,100.0,1.0,1.0,200.0,600.0,50.0,18.0,0.03,1079.1,100.0,SM,534.0,200.0,300.0,test,Path/To/Data/Folder,1.0,1.0,e:\workspace\Robochem\unmix\nowdata\chem\calibration.json,DPB,100.0,1.0,1.0,200.0,600.0
18,50.0,18.0,0.03,612.102,100.0,SM,534.0,200.0,300.0,test,Path/To/Data/Folder,1.0,1.0,e:\workspace\Robochem\unmix\nowdata\chem\calibration.json,DPB,100.0,1.0,1.0,200.0,600.0,50.0,18.0,0.03,612.1,100.0,SM,534.0,200.0,300.0,test,Path/To/Data/Folder,1.0,1.0,e:\workspace\Robochem\unmix\nowdata\chem\calibration.json,DPB,100.0,1.0,1.0,200.0,600.0
19,50.0,15.534659999999999,0.03,614.5872,100.0,SM,534.0,200.0,300.0,test,Path/To/Data/Folder,1.0,1.0,e:\workspace\Robochem\unmix\nowdata\chem\calibration.json,DPB,100.0,1.0,1.0,200.0,600.0,50.0,15.534659999999999,0.03,614.6,100.0,SM,534.0,200.0,300.0,test,Path/To/Data/Folder,1.0,1.0,e:\workspace\Robochem\unmix\nowdata\chem\calibration.json,DPB,100.0,1.0,1.0,200.0,600.0
20,50.0,18.0,0.03,724.6884,100.0,SM,534.0,200.0,300.0,test,Path/To/Data/Folder,1.0,1.0,e:\workspace\Robochem\unmix\nowdata\chem\calibration.json,DPB,100.0,1.0,1.0,200.0,600.0,50.0,18.0,0.03,724.7,100.0,SM,534.0,200.0,300.0,test,Path/To/Data/Folder,1.0,1.0,e:\workspace\Robochem\unmix\nowdata\chem\calibration.json,DPB,100.0,1.0,1.0,200.0,600.0
21,51.1985,17.80484,0.02968575,815.535,97.10499999999999,SM,534.0,200.0,300.0,test,Path/To/Data/Folder,1.0,1.0,e:\workspace\Robochem\unmix\nowdata\chem\calibration.json,DPB,100.0,1.0,1.0,200.0,600.0,51.1985,17.80484,0.02968575,815.5,100.0,SM,534.0,200.0,300.0,test,Path/To/Data/Folder,1.0,1.0,e:\workspace\Robochem\unmix\nowdata\chem\calibration.json,DPB,100.0,1.0,1.0,200.0,600.0
22,50.0,18.0,0.03,574.881,100.0,SM,534.0,200.0,300.0,test,Path/To/Data/Folder,1.0,1.0,e:\workspace\Robochem\unmix\nowdata\chem\calibration.json,DPB,100.0,1.0,1.0,200.0,600.0,50.0,18.0,0.03,574.9,100.0,SM,534.0,200.0,300.0,test,Path/To/Data/Folder,1.0,1.0,e:\workspace\Robochem\unmix\nowdata\chem\calibration.json,DPB,100.0,1.0,1.0,200.0,600.0
23,50.0,18.0,0.03,571.3014000000001,100.0,SM,534.0,200.0,300.0,test,Path/To/Data/Folder,1.0,1.0,e:\workspace\Robochem\unmix\nowdata\chem\calibration.json,DPB,100.0,1.0,1.0,200.0,600.0,50.0,18.0,0.03,571.3,100.0,SM,534.0,200.0,300.0,test,Path/To/Data/Folder,1.0,1.0,e:\workspace\Robochem\unmix\nowdata\chem\calibration.json,DPB,100.0,1.0,1.0,200.0,600.0
24,50.0,18.0,0.03,520.2066,100.0,SM,534.0,200.0,300.0,test,Path/To/Data/Folder,1.0,1.0,e:\workspace\Robochem\unmix\nowdata\chem\calibration.json,DPB,100.0,1.0,1.0,200.0,600.0,50.0,18.0,0.03,520.2,100.0,SM,534.0,200.0,300.0,test,Path/To/Data/Folder,1.0,1.0,e:\workspace\Robochem\unmix\nowdata\chem\calibration.json,DPB,100.0,1.0,1.0,200.0,600.0
25,50.0,18.0,0.03,545.1156,100.0,SM,534.0,200.0,300.0,test,Path/To/Data/Folder,1.0,1.0,e:\workspace\Robochem\unmix\nowdata\chem\calibration.json,DPB,100.0,1.0,1.0,200.0,600.0,50.0,18.0,0.03,545.1,100.0,SM,534.0,200.0,300.0,test,Path/To/Data/Folder,1.0,1.0,e:\workspace\Robochem\unmix\nowdata\chem\calibration.json,DPB,100.0,1.0,1.0,200.0,600.0
26,50.0,18.0,0.03,450.6552,100.0,SM,534.0,200.0,300.0,test,Path/To/Data/Folder,1.0,1.0,e:\workspace\Robochem\unmix\nowdata\chem\calibration.json,DPB,100.0,1.0,1.0,200.0,600.0,50.0,18.0,0.03,450.7,100.0,SM,534.0,200.0,300.0,test,Path/To/Data/Folder,1.0,1.0,e:\workspace\Robochem\unmix\nowdata\chem\calibration.json,DPB,100.0,1.0,1.0,200.0,600.0
27,50.0,18.0,0.03,313.2282,100.0,SM,534.0,200.0,300.0,test,Path/To/Data/Folder,1.0,1.0,e:\workspace\Robochem\unmix\nowdata\chem\calibration.json,DPB,100.0,1.0,1.0,200.0,600.0,50.0,18.0,0.03,313.2,100.0,SM,534.0,200.0,300.0,test,Path/To/Data/Folder,1.0,1.0,e:\workspace\Robochem\unmix\nowdata\chem\calibration.json,DPB,100.0,1.0,1.0,200.0,600.0
28,50.0,18.0,0.03,618.3492,100.0,SM,534.0,200.0,300.0,test,Path/To/Data/Folder,1.0,1.0,e:\workspace\Robochem\unmix\nowdata\chem\calibration.json,DPB,100.0,1.0,1.0,200.0,600.0,50.0,18.0,0.03,618.3,100.0,SM,534.0,200.0,300.0,test,Path/To/Data/Folder,1.0,1.0,e:\workspace\Robochem\unmix\nowdata\chem\calibration.json,DPB,100.0,1.0,1.0,200.0,600.0
29,50.0,18.0,0.03,614.2794,100.0,SM,534.0,200.0,300.0,test,Path/To/Data/Folder,1.0,1.0,e:\workspace\Robochem\unmix\nowdata\chem\calibration.json,DPB,100.0,1.0,1.0,200.0,600.0,50.0,18.0,0.03,614.3,100.0,SM,534.0,200.0,300.0,test,Path/To/Data/Folder,1.0,1.0,e:\workspace\Robochem\unmix\nowdata\chem\calibration.json,DPB,100.0,1.0,1.0,200.0,600.0
30,50.0,18.0,0.03,625.3602,100.0,SM,534.0,200.0,300.0,test,Path/To/Data/Folder,1.0,1.0,e:\workspace\Robochem\unmix\nowdata\chem\calibration.json,DPB,100.0,1.0,1.0,200.0,600.0,50.0,18.0,0.03,625.4,100.0,SM,534.0,200.0,300.0,test,Path/To/Data/Folder,1.0,1.0,e:\workspace\Robochem\unmix\nowdata\chem\calibration.json,DPB,100.0,1.0,1.0,200.0,600.0
31,50.0,18.0,0.03,618.7254,100.0,SM,534.0,200.0,300.0,test,Path/To/Data/Folder,1.0,1.0,e:\workspace\Robochem\unmix\nowdata\chem\calibration.json,DPB,100.0,1.0,1.0,200.0,600.0,50.0,18.0,0.03,618.7,100.0,SM,534.0,200.0,300.0,test,Path/To/Data/Folder,1.0,1.0,e:\workspace\Robochem\unmix\nowdata\chem\calibration.json,DPB,100.0,1.0,1.0,200.0,600.0
32,50.0,18.0,0.03,648.639,100.0,SM,534.0,200.0,300.0,test,Path/To/Data/Folder,1.0,1.0,e:\workspace\Robochem\unmix\nowdata\chem\calibration.json,DPB,100.0,1.0,1.0,200.0,600.0,50.0,18.0,0.03,648.6,100.0,SM,534.0,200.0,300.0,test,Path/To/Data/Folder,1.0,1.0,e:\workspace\Robochem\unmix\nowdata\chem\calibration.json,DPB,100.0,1.0,1.0,200.0,600.0
33,50.0,18.0,0.03,630.1709999999999,100.0,SM,534.0,200.0,300.0,test,Path/To/Data/Folder,1.0,1.0,e:\workspace\Robochem\unmix\nowdata\chem\calibration.json,DPB,100.0,1.0,1.0,200.0,600.0,50.0,18.0,0.03,630.2,100.0,SM,534.0,200.0,300.0,test,Path/To/Data/Folder,1.0,1.0,e:\workspace\Robochem\unmix\nowdata\chem\calibration.json,DPB,100.0,1.0,1.0,200.0,600.0
34,50.0,18.0,0.03,729.2484000000001,100.0,SM,534.0,200.0,300.0,test,Path/To/Data/Folder,1.0,1.0,e:\workspace\Robochem\unmix\nowdata\chem\calibration.json,DPB,100.0,1.0,1.0,200.0,600.0,50.0,18.0,0.03,729.2,100.0,SM,534.0,200.0,300.0,test,Path/To/Data/Folder,1.0,1.0,e:\workspace\Robochem\unmix\nowdata\chem\calibration.json,DPB,100.0,1.0,1.0,200.0,600.0
35,50.0,18.0,0.03,683.2266,100.0,SM,534.0,200.0,300.0,test,Path/To/Data/Folder,1.0,1.0,e:\workspace\Robochem\unmix\nowdata\chem\calibration.json,DPB,100.0,1.0,1.0,200.0,600.0,50.0,18.0,0.03,683.2,100.0,SM,534.0,200.0,300.0,test,Path/To/Data/Folder,1.0,1.0,e:\workspace\Robochem\unmix\nowdata\chem\calibration.json,DPB,100.0,1.0,1.0,200.0,600.0
36,50.0,18.0,0.03,815.0448,100.0,SM,534.0,200.0,300.0,test,Path/To/Data/Folder,1.0,1.0,e:\workspace\Robochem\unmix\nowdata\chem\calibration.json,DPB,100.0,1.0,1.0,200.0,600.0,50.0,18.0,0.03,815.0,100.0,SM,534.0,200.0,300.0,test,Path/To/Data/Folder,1.0,1.0,e:\workspace\Robochem\unmix\nowdata\chem\calibration.json,DPB,100.0,1.0,1.0,200.0,600.0
37,50.0,18.0,0.03,948.4476000000001,100.0,SM,534.0,200.0,300.0,test,Path/To/Data/Folder,1.0,1.0,e:\workspace\Robochem\unmix\nowdata\chem\calibration.json,DPB,100.0,1.0,1.0,200.0,600.0,,,,,,,,,,,,,,,,,,,,
