wavelength,absorbance
534.0,0.001
533.0,-0.002
532.0,0.001
531.0,0.0
530.0,-0.002
529.0,-0.002
528.0,-0.002
527.0,0.0
526.0,0.001
525.0,-0.001
524.0,0.0
523.0,0.0
522.0,-0.003
521.0,0.0
520.0,-0.001
519.0,-0.001
518.0,0.0
517.0,0.001
516.0,0.0
515.0,-0.002
514.0,0.0
513.0,-0.003
512.0,-0.002
511.0,0.0
510.0,-0.002
509.0,-0.001
508.0,-0.001
507.0,0.0
506.0,-0.002
505.0,0.0
504.0,-0.003
503.0,-0.001
502.0,0.0
501.0,0.001
500.0,0.001
499.0,0.0
498.0,-0.001
497.0,-0.001
496.0,-0.002
495.0,0.003
494.0,0.0
493.0,-0.002
492.0,0.0
491.0,0.0
490.0,0.001
489.0,0.002
488.0,0.001
487.0,-0.001
486.0,-0.003
485.0,-0.002
484.0,0.0
483.0,-0.001
482.0,0.0
481.0,-0.002
480.0,0.001
479.0,-0.002
478.0,-0.002
477.0,-0.002
476.0,-0.002
475.0,-0.002
474.0,0.0
473.0,-0.003
472.0,0.001
471.0,-0.001
470.0,-0.003
469.0,0.0
468.0,-0.002
467.0,0.001
466.0,-0.002
465.0,0.001
464.0,-0.001
463.0,0.0
462.0,-0.001
461.0,-0.001
460.0,0.002
459.0,-0.002
458.0,0.0
457.0,0.001
456.0,-0.001
455.0,-0.001
454.0,0.0
453.0,-0.001
452.0,0.0
451.0,-0.002
450.0,-0.001
449.0,0.001
448.0,0.002
447.0,0.002
446.0,0.001
445.0,-0.005
444.0,0.001
443.0,0.002
442.0,-0.001
441.0,0.0
440.0,0.0
439.0,0.001
438.0,0.0
437.0,0.002
436.0,-0.001
435.0,-0.001
434.0,-0.002
433.0,-0.001
432.0,0.0
431.0,0.003
430.0,0.0
429.0,-0.003
428.0,0.001
427.0,-0.004
426.0,-0.002
425.0,-0.001
424.0,0.003
423.0,0.0
422.0,-0.002
421.0,0.002
420.0,0.004
419.0,-0.001
418.0,0.0
417.0,0.003
416.0,-0.001
415.0,0.001
414.0,-0.001
413.0,0.0
412.0,-0.001
411.0,0.001
410.0,-0.002
409.0,-0.002
408.0,-0.001
407.0,-0.001
406.0,0.0
405.0,0.001
404.0,0.001
403.0,0.002
402.0,-0.001
401.0,-0.002
400.0,-0.002
399.0,0.002
398.0,0.003
397.0,-0.004
396.0,0.001
395.0,-0.002
394.0,-0.001
393.0,0.0
392.0,0.0
391.0,-0.005
390.0,0.0
389.0,-0.001
388.0,0.002
387.0,0.002
386.0,-0.001
385.0,-0.001
384.0,-0.002
383.0,0.0
382.0,-0.004
381.0,0.004
380.0,-0.002
379.0,-0.001
378.0,-0.003
377.0,0.002
376.0,0.006
375.0,-0.001
374.0,0.003
373.0,0.0
372.0,0.0
371.0,0.0
370.0,0.008
369.0,-0.001
368.0,0.003
367.0,0.007
366.0,0.0
365.0,0.0
364.0,-0.003
363.0,-0.002
362.0,0.001
361.0,0.003
360.0,0.0
359.0,0.001
358.0,0.003
357.0,0.006
356.0,0.003
355.0,0.002
354.0,0.0
353.0,0.001
352.0,-0.001
351.0,0.002
350.0,0.0
349.0,0.002
348.0,0.002
347.0,0.004
346.0,0.006
345.0,-0.002
344.0,0.003
343.0,-0.006
342.0,0.003
341.0,0.007
340.0,-0.0034602
339.0,0.0005396
338.0,0.0040188
337.0,0.0040719
336.0,-0.001847
335.0,-0.006897
334.0,0.0016247
333.0,-0.00010713
332.0,0.0025365
331.0,0.0019699
330.0,-0.00086534
329.0,-0.00057388
328.0,-0.00021376
327.0,-0.00095342
326.0,0.006961
325.0,-0.00089291
324.0,0.0023162
323.0,0.0060688
322.0,0.0052222
321.0,0.008742
320.0,0.0010364
319.0,0.0078801
318.0,0.0010321
317.0,-0.0002917
316.0,0.0070875
315.0,-0.0016286
314.0,0.0019596
313.0,0.0037588
312.0,0.0024472
311.0,0.0029514
310.0,0.0021669
309.0,0.0022068
308.0,0.0039854
307.0,0.0045498
306.0,0.0079482
305.0,0.0065237
304.0,0.0058441
303.0,-0.00098318
302.0,0.0050521
301.0,0.0058586
300.0,0.0032494
299.0,0.004915
298.0,0.0031306
297.0,0.0049223
296.0,0.0046909
295.0,0.007252
294.0,0.0091262
293.0,0.005227
292.0,0.0081271
291.0,0.0031246
290.0,0.0068246
289.0,0.0091231
288.0,0.0059156
287.0,0.013869
286.0,0.017307
285.0,0.018587
284.0,0.013644
283.0,0.017082
282.0,0.021082
281.0,0.0208
280.0,0.018701
279.0,0.020114
278.0,0.021129
277.0,0.027057
276.0,0.024631
275.0,0.024624
274.0,0.023754
273.0,0.027897
272.0,0.02164
271.0,0.026406
270.0,0.02956
269.0,0.02354
268.0,0.026528
267.0,0.022142
266.0,0.021657
265.0,0.022378
264.0,0.021387
263.0,0.021302
262.0,0.023034
261.0,0.025307
260.0,0.022255
259.0,0.024125
258.0,0.022263
257.0,0.022181
256.0,0.020976
255.0,0.02448
254.0,0.023884
253.0,0.027253
252.0,0.029193
251.0,0.029569
250.0,0.030402
249.0,0.033384
248.0,0.035775
247.0,0.038957
246.0,0.036861
245.0,0.043803
244.0,0.043906
243.0,0.05132
242.0,0.056354
241.0,0.061578
240.0,0.06609
239.0,0.071845
238.0,0.07909
237.0,0.086994
236.0,0.091091
235.0,0.098575
234.0,0.10607
233.0,0.11465
232.0,0.11888
231.0,0.12937
230.0,0.13788
229.0,0.14788
228.0,0.15596
227.0,0.16414
226.0,0.17475
225.0,0.19078
224.0,0.20128
223.0,0.21191
222.0,0.21841
221.0,0.22748
220.0,0.23096
219.0,0.24198
218.0,0.24317
217.0,0.25038
216.0,0.24902
215.0,0.25639
214.0,0.25815
213.0,0.25522
212.0,0.26788
211.0,0.27904
210.0,0.2952
209.0,0.31259
208.0,0.35553
207.0,0.38334
206.0,0.45875
205.0,0.5127
204.0,0.60524
203.0,0.6697
202.0,0.75785
201.0,0.82455
200.0,0.8892
